{
  "af":"af",
  "am":"am",
  "ar":"ar",
  "az":"az",
  "be":"be",
  "bg":"bg",
  "bn":"bn",
  "bs":"bs",
  "ca":"ca",
  "co":"co",
  "cs":"cs",
  "cy":"cy",
  "da":"da",
  "de":"de",
  "el":"el",
  "en":"en",
  "eo":"eo",
  "es":"es",
  "et":"et",
  "eu":"eu",
  "fa":"fa",
  "fi":"fi",
  "fr":"fr",
  "fy":"fy",
  "ga":"ga",
  "gd":"gd",
  "gl":"gl",
  "gu":"gu",
  "ha":"ha",
  "hi":"hi",
  "hr":"hr",
  "ht":"ht",
  "hu":"hu",
  "hy":"hy",
  "id":"id",
  "ig":"ig",
  "is":"is",
  "it":"it",
  "ja":"ja",
  "ka":"ka",
  "kk":"kk",
  "km":"km",
  "kn":"kn",
  "ko":"ko",
  "ku":"ku",
  "ky":"ky",
  "la":"la",
  "lb":"lb",
  "lo":"lo",
  "lt":"lt",
  "lv":"lv",
  "mg":"mg",
  "mi":"mi",
  "mk":"mk",
  "ml":"ml",
  "mn":"mn",
  "mr":"mr",
  "ms":"ms",
  "mt":"mt",
  "my":"my",
  "ne":"ne",
  "nl":"nl",
  "no":"no",
  "ny":"ny",
  "pa":"pa",
  "pl":"pl",
  "ps":"ps",
  "pt":"pt",
  "ro":"ro",
  "ru":"ru",
  "sd":"sd",
  "si":"si",
  "sk":"sk",
  "sl":"sl",
  "sm":"sm",
  "sn":"sn",
  "so":"so",
  "sq":"sq",
  "sr":"sr",
  "st":"st",
  "su":"su",
  "sv":"sv",
  "sw":"sw",
  "ta":"ta",
  "te":"te",
  "tg":"tg",
  "th":"th",
  "tl":"tl",
  "tr":"tr",
  "uk":"uk",
  "ur":"ur",
  "uz":"uz",
  "vi":"vi",
  "xh":"xh",
  "yi":"yi",
  "yo":"yo",
  "zh-CN":"zh-CN",
  "zh-TW":"zh-TW",
  "zu":"zu"
}